split,accuracy,f1,auc,n_validation,prediction_count_per_subject,gait_representation
1,0.7027027027027027,0.7027027027027027,0.7294117647058824,37,10,TUG
2,0.75,0.8,0.8235294117647058,36,10,TUG
3,0.7777777777777778,0.8,0.848297213622291,36,10,TUG
4,0.8333333333333334,0.85,0.846875,36,10,TUG
5,0.7222222222222222,0.7058823529411765,0.821875,36,10,TUG
6,0.6486486486486487,0.6829268292682927,0.7441176470588236,37,10,TUG
7,0.6666666666666666,0.7142857142857143,0.758513931888545,36,10,TUG
8,0.8333333333333334,0.85,0.9256965944272446,36,10,TUG
9,0.7777777777777778,0.8,0.7875000000000001,36,10,TUG
10,0.8333333333333334,0.8571428571428571,0.8624999999999999,36,10,TUG
11,0.8378378378378378,0.85,0.8558823529411764,37,10,TUG
12,0.75,0.7692307692307693,0.8080495356037152,36,10,TUG
13,0.75,0.7692307692307693,0.8452012383900929,36,10,TUG
14,0.6666666666666666,0.7142857142857143,0.715625,36,10,TUG
15,0.6388888888888888,0.6666666666666666,0.6812499999999999,36,10,TUG
16,0.6756756756756757,0.7142857142857143,0.7147058823529411,37,10,TUG
17,0.8333333333333334,0.85,0.8111455108359134,36,10,TUG
18,0.8888888888888888,0.8947368421052632,0.891640866873065,36,10,TUG
19,0.6944444444444444,0.7317073170731707,0.8374999999999999,36,10,TUG
20,0.7777777777777778,0.8095238095238095,0.825,36,10,TUG
21,0.7297297297297297,0.7222222222222222,0.8911764705882352,37,10,TUG
22,0.7777777777777778,0.8,0.8173374613003096,36,10,TUG
23,0.75,0.7804878048780488,0.8421052631578947,36,10,TUG
24,0.6388888888888888,0.6829268292682927,0.7,36,10,TUG
25,0.6388888888888888,0.6666666666666666,0.73125,36,10,TUG
26,0.7027027027027027,0.7027027027027027,0.7764705882352941,37,10,TUG
27,0.7222222222222222,0.75,0.7987616099071208,36,10,TUG
28,0.8055555555555556,0.8372093023255814,0.8328173374613003,36,10,TUG
29,0.75,0.7692307692307693,0.821875,36,10,TUG
30,0.7222222222222222,0.7619047619047619,0.803125,36,10,TUG
31,0.5675675675675675,0.6,0.6970588235294117,37,10,TUG
32,0.6666666666666666,0.6842105263157895,0.761609907120743,36,10,TUG
33,0.75,0.7804878048780488,0.8575851393188854,36,10,TUG
34,0.7222222222222222,0.7727272727272727,0.825,36,10,TUG
35,0.8055555555555556,0.8292682926829268,0.86875,36,10,TUG
36,0.6756756756756757,0.7,0.6852941176470588,37,10,TUG
37,0.8055555555555556,0.8205128205128205,0.8235294117647058,36,10,TUG
38,0.8888888888888888,0.9,0.9009287925696594,36,10,TUG
39,0.7222222222222222,0.7619047619047619,0.84375,36,10,TUG
40,0.7777777777777778,0.7894736842105263,0.79375,36,10,TUG
41,0.7297297297297297,0.7619047619047619,0.8323529411764706,37,10,TUG
42,0.75,0.7567567567567568,0.8390092879256966,36,10,TUG
43,0.8333333333333334,0.8421052631578947,0.8823529411764706,36,10,TUG
44,0.75,0.7804878048780488,0.846875,36,10,TUG
45,0.6666666666666666,0.7,0.721875,36,10,TUG
46,0.7837837837837838,0.8181818181818182,0.9117647058823529,37,10,TUG
47,0.6944444444444444,0.6857142857142857,0.8359133126934984,36,10,TUG
48,0.6944444444444444,0.717948717948718,0.8452012383900929,36,10,TUG
49,0.75,0.7804878048780488,0.784375,36,10,TUG
50,0.8055555555555556,0.8444444444444444,0.778125,36,10,TUG
1,0.6756756756756757,0.6842105263157895,0.6941176470588235,37,10,Concat
2,0.75,0.7804878048780488,0.7956656346749226,36,10,Concat
3,0.8333333333333334,0.85,0.8668730650154799,36,10,Concat
4,0.6944444444444444,0.6666666666666666,0.828125,36,10,Concat
5,0.6666666666666666,0.6666666666666666,0.69375,36,10,Concat
6,0.6486486486486487,0.6829268292682927,0.6911764705882353,37,10,Concat
7,0.7222222222222222,0.7222222222222222,0.804953560371517,36,10,Concat
8,0.7777777777777778,0.8,0.8204334365325077,36,10,Concat
9,0.6666666666666666,0.6842105263157895,0.703125,36,10,Concat
10,0.7222222222222222,0.7368421052631579,0.825,36,10,Concat
11,0.7837837837837838,0.7894736842105263,0.8205882352941176,37,10,Concat
12,0.7222222222222222,0.7222222222222222,0.7987616099071206,36,10,Concat
13,0.75,0.7804878048780488,0.7708978328173375,36,10,Concat
14,0.7777777777777778,0.8181818181818182,0.7437499999999999,36,10,Concat
15,0.6111111111111112,0.631578947368421,0.6281249999999999,36,10,Concat
16,0.5945945945945946,0.5945945945945946,0.5852941176470589,37,10,Concat
17,0.7222222222222222,0.7058823529411765,0.8111455108359132,36,10,Concat
18,0.9166666666666666,0.9230769230769231,0.9164086687306501,36,10,Concat
19,0.6388888888888888,0.6666666666666666,0.7093750000000001,36,10,Concat
20,0.7222222222222222,0.7619047619047619,0.753125,36,10,Concat
21,0.6486486486486487,0.6285714285714286,0.8058823529411764,37,10,Concat
22,0.8055555555555556,0.8205128205128205,0.8421052631578947,36,10,Concat
23,0.6944444444444444,0.7317073170731707,0.8359133126934984,36,10,Concat
24,0.6388888888888888,0.6486486486486487,0.71875,36,10,Concat
25,0.6944444444444444,0.7555555555555555,0.68125,36,10,Concat
26,0.6756756756756757,0.7,0.8205882352941176,37,10,Concat
27,0.7777777777777778,0.7777777777777778,0.8513931888544892,36,10,Concat
28,0.8055555555555556,0.8205128205128205,0.8452012383900929,36,10,Concat
29,0.7777777777777778,0.7894736842105263,0.821875,36,10,Concat
30,0.6111111111111112,0.65,0.71875,36,10,Concat
31,0.8378378378378378,0.85,0.7911764705882353,37,10,Concat
32,0.6388888888888888,0.6666666666666666,0.7027863777089782,36,10,Concat
33,0.6944444444444444,0.717948717948718,0.7151702786377708,36,10,Concat
34,0.6944444444444444,0.7317073170731707,0.778125,36,10,Concat
35,0.7777777777777778,0.7647058823529411,0.84375,36,10,Concat
36,0.6216216216216216,0.6666666666666666,0.6411764705882353,37,10,Concat
37,0.6111111111111112,0.6818181818181818,0.6284829721362228,36,10,Concat
38,0.6944444444444444,0.7027027027027027,0.8328173374613003,36,10,Concat
39,0.7777777777777778,0.8181818181818182,0.815625,36,10,Concat
40,0.75,0.7567567567567568,0.84375,36,10,Concat
41,0.7837837837837838,0.8,0.8323529411764706,37,10,Concat
42,0.6388888888888888,0.6486486486486487,0.736842105263158,36,10,Concat
43,0.6944444444444444,0.7027027027027027,0.7213622291021672,36,10,Concat
44,0.7222222222222222,0.75,0.7593749999999999,36,10,Concat
45,0.6666666666666666,0.6842105263157895,0.721875,36,10,Concat
46,0.7567567567567568,0.7567567567567568,0.7794117647058824,37,10,Concat
47,0.75,0.7096774193548387,0.8730650154798761,36,10,Concat
48,0.6388888888888888,0.6486486486486487,0.7956656346749226,36,10,Concat
49,0.7222222222222222,0.7619047619047619,0.734375,36,10,Concat
50,0.6388888888888888,0.7111111111111111,0.75,36,10,Concat
