representation,model,subjects,embedding_dim,mean_accuracy,mean_f1,mean_auc,mean_ap,ci95_accuracy_lo,ci95_accuracy_hi,ci95_f1_lo,ci95_f1_hi,ci95_auc_lo,ci95_auc_hi,ci95_ap_lo,ci95_ap_hi
TUG,pca32_lr_l2,181,256,0.7443843843843844,0.7680619998985699,0.8100537925696594,0.8247345679024705,0.6388888888888888,0.8774024024024023,0.6666666666666666,0.8862781954887218,0.6902205882352941,0.9116060371517027,0.7135024186900265,0.9309116910005911
TUG,pca64_lr_l2,181,256,0.7432882882882883,0.7670419091711621,0.8098099845201239,0.8247302950373101,0.6388888888888888,0.8774024024024023,0.6666666666666666,0.8862781954887218,0.6879411764705883,0.9093266253869968,0.712118490118598,0.9281438338577339
TUG,lr_l2,181,256,0.7427477477477479,0.7666515187807716,0.809686726006192,0.8246225747562153,0.6388888888888888,0.8774024024024023,0.6666666666666666,0.8862781954887218,0.6879411764705883,0.9093266253869968,0.712118490118598,0.9281438338577339
TUG,mi128_lr_l2,181,256,0.7310660660660662,0.7508986597364213,0.8090555340557275,0.8251276805122266,0.5833333333333334,0.8333333333333334,0.6013636363636363,0.8537593984962405,0.692734375,0.9161648606811146,0.7039748419875363,0.9307679167375874
All3,mi128_lr_l2,181,768,0.7287837837837837,0.7408003782997593,0.8014645897832815,0.818525301716005,0.5895833333333333,0.8333333333333334,0.5958108108108109,0.8482236842105263,0.6687500000000001,0.8987345201238389,0.7064823828546725,0.9250945190542544
SelfPace+TUG,mi128_lr_l2,181,512,0.7145045045045044,0.7310633440298185,0.7990559210526316,0.8198929968208855,0.5711148648648648,0.8333333333333334,0.5824679943100995,0.8428165374677002,0.6705376838235294,0.891640866873065,0.7157757978151357,0.9205208719544713
TUG,lr_l1,181,256,0.70012012012012,0.7091403272150594,0.7989671052631578,0.8167197336427052,0.5643393393393393,0.8270833333333333,0.5529904306220096,0.8282657657657658,0.696764705882353,0.9002321981424148,0.7107255576188173,0.9109550506077826
SelfPace+TUG,lr_l1,181,512,0.716126126126126,0.7269064520348203,0.7971607972136222,0.8140995316969954,0.5858671171171171,0.8333333333333334,0.5792207792207792,0.85,0.6784145220588235,0.9048568111455109,0.6748052391663576,0.9246199148316945
All3,lr_l1,181,768,0.7255855855855855,0.7351215381295951,0.7927986648606812,0.8062339137477791,0.5675675675675675,0.8282657657657658,0.5555555555555556,0.8471220930232558,0.685905330882353,0.8960526315789473,0.6827563257182724,0.9251281443535542
All3,pca32_lr_l2,181,768,0.7304954954954955,0.7424241095730921,0.783800116099071,0.8018648593296368,0.5858671171171171,0.8368243243243243,0.5992723492723493,0.85,0.6468924148606812,0.8847523219814242,0.6720073281134002,0.9237788017801408
All3,pca64_lr_l2,181,768,0.7105705705705705,0.7260570558025518,0.7710244775541795,0.7892932402855548,0.5833333333333334,0.8497935435435435,0.5943438914027149,0.8688598979013046,0.6388273993808049,0.8668730650154799,0.6714471138898427,0.9005831593793961
All3,lr_l2,181,768,0.7127627627627627,0.7304375692423083,0.7699916795665636,0.7899245985563894,0.6111111111111112,0.8368243243243243,0.6292481203007518,0.85,0.6282055437306501,0.871671826625387,0.6662458172414712,0.9062335799727347
SelfPace+TUG,pca32_lr_l2,181,512,0.6922822822822822,0.711644656633156,0.7691389318885449,0.7948243497278851,0.5367304804804804,0.8055555555555556,0.5731203007518797,0.8205128205128205,0.605735294117647,0.8685758513931888,0.6770656102181635,0.9001123859708229
SelfPace+TUG,pca64_lr_l2,181,512,0.6917567567567567,0.7119177174937288,0.7687416795665634,0.794415140843183,0.5618055555555556,0.7993055555555555,0.5731203007518797,0.818040293040293,0.6233593749999999,0.8754643962848297,0.6830353934323755,0.8968394642351682
SelfPace+TUG,lr_l2,181,512,0.6944894894894894,0.7144400021514714,0.76859326625387,0.7955632459599836,0.5555555555555556,0.8055555555555556,0.5731203007518797,0.8205128205128205,0.6130101102941177,0.8771671826625387,0.6830353934323755,0.8957425314000893
SelfPace,lr_l1,181,256,0.684084084084084,0.7188702630254089,0.7321584752321982,0.7425120075361638,0.5582582582582583,0.8055555555555556,0.6071969696969697,0.8428165374677002,0.5799613003095975,0.8582756869195046,0.6060651513148573,0.8516161538246075
SelfPace,mi128_lr_l2,181,256,0.656981981981982,0.6919639332966896,0.7188492647058824,0.734541716701835,0.5277777777777778,0.773048048048048,0.5678246484698097,0.806595744680851,0.5664754256965945,0.8544606230650155,0.5946705442198522,0.8664831020087063
SelfPace,pca32_lr_l2,181,256,0.6503903903903904,0.6865447821377181,0.7041060371517028,0.7201668934976957,0.4847222222222222,0.75,0.5496503496503496,0.8,0.5510874613003096,0.8496168730650154,0.5894659344581775,0.8645085513614148
SelfPace,pca64_lr_l2,181,256,0.645975975975976,0.680501189646548,0.701719814241486,0.7192977408561785,0.4722222222222222,0.75,0.531025824964132,0.7888776541961577,0.5517492260061919,0.846171875,0.5816749952292689,0.8579845089184742
SelfPace,lr_l2,181,256,0.645960960960961,0.6811294614510213,0.7010944272445822,0.7199580228303308,0.4784722222222222,0.75,0.531025824964132,0.7888776541961577,0.5493498452012384,0.8448747097523219,0.5808561868446711,0.8625450733530746
HurriedPace,lr_l1,181,256,0.6005405405405405,0.5916713044820006,0.6503198529411764,0.6935481700035617,0.4506944444444444,0.7280405405405406,0.3777217741935484,0.7335526315789473,0.4840441176470588,0.7911764705882354,0.5343532421463789,0.8332803380148004
HurriedPace,mi128_lr_l2,181,256,0.5990240240240241,0.6090934906841479,0.6404438854489163,0.6872248265772134,0.4623310810810811,0.7715277777777777,0.4635746606334842,0.7832706766917292,0.4826608455882353,0.8081424148606811,0.5346582708222032,0.8511894775245876
HurriedPace,pca32_lr_l2,181,256,0.5812762762762763,0.595938815307889,0.6325274767801857,0.6802160640397565,0.4754316816816817,0.7280405405405406,0.48952702702702705,0.7470394736842105,0.503515625,0.8123606811145512,0.5526679004164149,0.8460230331179409
HurriedPace,lr_l2,181,256,0.5801951951951952,0.5947240089039226,0.6324618808049536,0.680258670328397,0.4754316816816817,0.7280405405405406,0.48952702702702705,0.7470394736842105,0.50421875,0.8092995356037151,0.5528516499028071,0.842477906933496
HurriedPace,pca64_lr_l2,181,256,0.5807507507507508,0.5950732152531288,0.6319616873065016,0.6798440455100082,0.4754316816816817,0.7280405405405406,0.48952702702702705,0.7470394736842105,0.50421875,0.8123606811145512,0.5528516499028071,0.8447336688874003
