feature	n_control	n_patient	missing_rate_overall	outliers_control	outliers_patient
F0semitoneFrom27.5Hz_sma3nz_amean	148	143	0.0	1.0	1.0
F0semitoneFrom27.5Hz_sma3nz_meanFallingSlope	148	143	0.0	12.0	12.0
F0semitoneFrom27.5Hz_sma3nz_meanRisingSlope	148	143	0.0	14.0	10.0
F0semitoneFrom27.5Hz_sma3nz_pctlrange0-2	148	143	0.0	20.0	14.0
F0semitoneFrom27.5Hz_sma3nz_percentile20.0	148	143	0.0	1.0	3.0
F0semitoneFrom27.5Hz_sma3nz_percentile50.0	148	143	0.0	1.0	1.0
F0semitoneFrom27.5Hz_sma3nz_percentile80.0	148	143	0.0	1.0	2.0
F0semitoneFrom27.5Hz_sma3nz_stddevFallingSlope	148	143	0.0	17.0	15.0
F0semitoneFrom27.5Hz_sma3nz_stddevNorm	148	143	0.0	8.0	5.0
F0semitoneFrom27.5Hz_sma3nz_stddevRisingSlope	148	143	0.0	14.0	10.0
F1amplitudeLogRelF0_sma3nz_amean	148	143	0.0	8.0	1.0
F1amplitudeLogRelF0_sma3nz_stddevNorm	148	143	0.0	10.0	0.0
F1bandwidth_sma3nz_amean	148	143	0.0	2.0	5.0
F1bandwidth_sma3nz_stddevNorm	148	143	0.0	6.0	3.0
F1frequency_sma3nz_amean	148	143	0.0	3.0	1.0
F1frequency_sma3nz_stddevNorm	148	143	0.0	1.0	3.0
F2amplitudeLogRelF0_sma3nz_amean	148	143	0.0	9.0	1.0
F2amplitudeLogRelF0_sma3nz_stddevNorm	148	143	0.0	11.0	1.0
F2bandwidth_sma3nz_amean	148	143	0.0	1.0	2.0
F2bandwidth_sma3nz_stddevNorm	148	143	0.0	2.0	3.0
F2frequency_sma3nz_amean	148	143	0.0	4.0	2.0
F2frequency_sma3nz_stddevNorm	148	143	0.0	0.0	0.0
F3amplitudeLogRelF0_sma3nz_amean	148	143	0.0	7.0	1.0
F3amplitudeLogRelF0_sma3nz_stddevNorm	148	143	0.0	14.0	1.0
F3bandwidth_sma3nz_amean	148	143	0.0	1.0	1.0
F3bandwidth_sma3nz_stddevNorm	148	143	0.0	3.0	2.0
F3frequency_sma3nz_amean	148	143	0.0	1.0	4.0
F3frequency_sma3nz_stddevNorm	148	143	0.0	1.0	1.0
HNRdBACF_sma3nz_amean	148	143	0.0	2.0	2.0
HNRdBACF_sma3nz_stddevNorm	148	143	0.0	13.0	14.0
MeanUnvoicedSegmentLength	148	143	0.0	10.0	15.0
MeanVoicedSegmentLengthSec	148	143	0.0	25.0	10.0
StddevUnvoicedSegmentLength	148	143	0.0	11.0	18.0
StddevVoicedSegmentLengthSec	148	143	0.0	0.0	0.0
VoicedSegmentsPerSec	148	143	0.0	9.0	10.0
alphaRatioUV_sma3nz_amean	148	143	0.0	3.0	0.0
alphaRatioV_sma3nz_amean	148	143	0.0	3.0	3.0
alphaRatioV_sma3nz_stddevNorm	148	143	0.0	15.0	7.0
apq11_shimmer	147	142	0.006872852233676976	12.0	8.0
apq3_shimmer	148	142	0.003436426116838488	12.0	7.0
apq5_shimmer	147	142	0.006872852233676976	10.0	8.0
articulation_rate	148	143	0.0	1.0	0.0
cepstral_peak_prominence_mean	147	142	0.006872852233676976	0.0	1.0
cepstral_peak_prominence_std	147	142	0.006872852233676976	1.0	1.0
dda_shimmer	148	142	0.003436426116838488	12.0	7.0
ddp_jitter	148	142	0.003436426116838488	15.0	10.0
duration	148	143	0.0	19.0	12.0
equivalentSoundLevel_dBp	148	143	0.0	3.0	1.0
hammarbergIndexUV_sma3nz_amean	148	143	0.0	3.0	5.0
hammarbergIndexV_sma3nz_amean	148	143	0.0	3.0	2.0
hammarbergIndexV_sma3nz_stddevNorm	148	143	0.0	7.0	2.0
jitterLocal_sma3nz_amean	148	143	0.0	11.0	10.0
jitterLocal_sma3nz_stddevNorm	148	143	0.0	4.0	4.0
localDB_shimmer	148	142	0.003436426116838488	10.0	5.0
local_jitter	148	142	0.003436426116838488	13.0	10.0
local_shimmer	148	142	0.003436426116838488	12.0	7.0
localabsolute_jitter	148	142	0.003436426116838488	11.0	12.0
logRelF0-H1-A3_sma3nz_amean	148	143	0.0	6.0	3.0
logRelF0-H1-A3_sma3nz_stddevNorm	148	143	0.0	12.0	12.0
logRelF0-H1-H2_sma3nz_amean	148	143	0.0	9.0	6.0
logRelF0-H1-H2_sma3nz_stddevNorm	148	143	0.0	26.0	34.0
loudnessPeaksPerSec	148	143	0.0	3.0	8.0
loudness_sma3_amean	148	143	0.0	9.0	9.0
loudness_sma3_meanFallingSlope	148	143	0.0	11.0	14.0
loudness_sma3_meanRisingSlope	148	143	0.0	12.0	14.0
loudness_sma3_pctlrange0-2	148	143	0.0	4.0	11.0
loudness_sma3_percentile20.0	148	143	0.0	11.0	9.0
loudness_sma3_percentile50.0	148	143	0.0	5.0	7.0
loudness_sma3_percentile80.0	148	143	0.0	6.0	12.0
loudness_sma3_stddevFallingSlope	148	143	0.0	9.0	13.0
loudness_sma3_stddevNorm	148	143	0.0	3.0	4.0
loudness_sma3_stddevRisingSlope	148	143	0.0	9.0	13.0
mean_b1_loc	148	142	0.003436426116838488	3.0	0.0
mean_b2_loc	148	142	0.003436426116838488	9.0	3.0
mean_f0_hertz	147	142	0.006872852233676976	0.0	1.0
mean_f1_loc	148	142	0.003436426116838488	2.0	3.0
mean_f2_loc	148	142	0.003436426116838488	2.0	5.0
mean_hnr_db	148	143	0.0	2.0	7.0
mean_intensity_db	148	143	0.0	2.0	1.0
mean_pause_duration	148	143	0.0	3.0	9.0
mfcc1V_sma3nz_amean	148	143	0.0	3.0	3.0
mfcc1V_sma3nz_stddevNorm	148	143	0.0	15.0	12.0
mfcc1_sma3_amean	148	143	0.0	2.0	0.0
mfcc1_sma3_stddevNorm	148	143	0.0	3.0	5.0
mfcc2V_sma3nz_amean	148	143	0.0	5.0	0.0
mfcc2V_sma3nz_stddevNorm	148	143	0.0	16.0	26.0
mfcc2_sma3_amean	148	143	0.0	3.0	0.0
mfcc2_sma3_stddevNorm	148	143	0.0	14.0	21.0
mfcc3V_sma3nz_amean	148	143	0.0	1.0	0.0
mfcc3V_sma3nz_stddevNorm	148	143	0.0	25.0	22.0
mfcc3_sma3_amean	148	143	0.0	6.0	0.0
mfcc3_sma3_stddevNorm	148	143	0.0	19.0	24.0
mfcc4V_sma3nz_amean	148	143	0.0	4.0	0.0
mfcc4V_sma3nz_stddevNorm	148	143	0.0	13.0	26.0
mfcc4_sma3_amean	148	143	0.0	3.0	0.0
mfcc4_sma3_stddevNorm	148	143	0.0	14.0	21.0
pause_rate	148	143	0.0	1.0	2.0
pesq	148	143	0.0	0.0	5.0
phonation_ratio	148	143	0.0	7.0	4.0
ppq5_jitter	148	142	0.003436426116838488	14.0	11.0
range_ratio_intensity_db	148	143	0.0	3.0	6.0
rap_jitter	148	142	0.003436426116838488	15.0	10.0
shimmerLocaldB_sma3nz_amean	148	143	0.0	8.0	5.0
shimmerLocaldB_sma3nz_stddevNorm	148	143	0.0	4.0	4.0
si_sdr	148	143	0.0	1.0	0.0
slopeUV0-500_sma3nz_amean	148	143	0.0	4.0	3.0
slopeUV500-1500_sma3nz_amean	148	143	0.0	0.0	2.0
slopeV0-500_sma3nz_amean	148	143	0.0	2.0	0.0
slopeV0-500_sma3nz_stddevNorm	148	143	0.0	13.0	20.0
slopeV500-1500_sma3nz_amean	148	143	0.0	2.0	3.0
slopeV500-1500_sma3nz_stddevNorm	148	143	0.0	31.0	28.0
speaking_rate	148	143	0.0	1.0	2.0
spectralFluxUV_sma3nz_amean	148	143	0.0	12.0	17.0
spectralFluxV_sma3nz_amean	148	143	0.0	13.0	11.0
spectralFluxV_sma3nz_stddevNorm	148	143	0.0	5.0	8.0
spectralFlux_sma3_amean	148	143	0.0	12.0	12.0
spectralFlux_sma3_stddevNorm	148	143	0.0	6.0	10.0
spectral_gravity	147	142	0.006872852233676976	2.0	0.0
spectral_kurtosis	147	142	0.006872852233676976	7.0	4.0
spectral_skewness	147	142	0.006872852233676976	3.0	4.0
spectral_slope	148	142	0.003436426116838488	1.0	2.0
spectral_std_dev	147	142	0.006872852233676976	8.0	4.0
spectral_tilt	148	142	0.003436426116838488	0.0	1.0
std_b1_loc	148	142	0.003436426116838488	10.0	2.0
std_b2_loc	148	142	0.003436426116838488	9.0	2.0
std_f0_hertz	147	142	0.006872852233676976	2.0	2.0
std_f1_loc	148	142	0.003436426116838488	5.0	3.0
std_f2_loc	148	142	0.003436426116838488	3.0	5.0
std_hnr_db	148	143	0.0	5.0	6.0
std_intensity_db	148	143	0.0	2.0	0.0
stoi	148	143	0.0	2.0	5.0
